Fecha,Local,Resultado,Visitante,Estadio,Año,Tipo de Torneo
Fecha 1,Atlético Bucaramanga,0 : 0,Envigado F. C.,Alfonso López,2023,Apertura
Fecha 1,Unión Magdalena,2 : 1,Atlético Huila,Sierra Nevada,2023,Apertura
Fecha 1,Águilas Doradas,1 : 1,Junior,Alberto Grisales,2023,Apertura
Fecha 1,Boyacá Chicó,2 : 0,Alianza Petrolera,La Independencia,2023,Apertura
Fecha 1,Deportes Tolima,2 : 1,América de Cali,Manuel Murillo Toro,2023,Apertura
Fecha 1,Atlético Nacional,1 : 0,Once Caldas,Atanasio Girardot,2023,Apertura
Fecha 1,Jaguares,2 : 2,Santa Fe,Jaraguay,2023,Apertura
Fecha 1,La Equidad,2 : 1,Independiente Medellín,Metropolitano de Techo,2023,Apertura
Fecha 1,Deportivo Cali,0 : 1,Deportivo Pereira,Deportivo Cali,2023,Apertura
Fecha 1,Millonarios,2 : 0,Deportivo Pasto,Nemesio Camacho El Campín,2023,Apertura
Fecha 2,Envigado F. C.,1 : 1,La Equidad,Metropolitano Ciudad de Itagüí,2023,Apertura
Fecha 2,Atlético Huila,1 : 2,Atlético Bucaramanga,Guillermo Plazas Alcid,2023,Apertura
Fecha 2,Atlético Nacional,0 : 0,Águilas Doradas,Atanasio Girardot,2023,Apertura
Fecha 2,Deportivo Pereira,2 : 3,Millonarios,Hernán Ramírez Villegas,2023,Apertura
Fecha 2,Junior,1 : 1,Independiente Medellín,Metropolitano Roberto Meléndez,2023,Apertura
Fecha 2,Once Caldas,1 : 1,Deportes Tolima,Palogrande,2023,Apertura
Fecha 2,Boyacá Chicó,1 : 0,Jaguares,La Independencia,2023,Apertura
Fecha 2,América de Cali,4 : 0,Unión Magdalena,Olímpico Pascual Guerrero,2023,Apertura
Fecha 2,Alianza Petrolera,3 : 1,Deportivo Pasto,Daniel Villa Zapata,2023,Apertura
Fecha 2,Santa Fe,3 : 0,Deportivo Cali,Nemesio Camacho El Campín,2023,Apertura
Fecha 3,Deportivo Pereira,2 : 1,Atlético Huila,Hernán Ramírez Villegas,2023,Apertura
Fecha 3,Independiente Medellín,1 : 1,Santa Fe,Atanasio Girardot,2023,Apertura
Fecha 3,Jaguares,2 : 1,Atlético Nacional,Jaraguay,2023,Apertura
Fecha 3,Deportivo Pasto,2 : 4,América de Cali,Departamental Libertad,2023,Apertura
Fecha 3,Deportivo Cali,0 : 0,Once Caldas,Deportivo Cali,2023,Apertura
Fecha 3,Atlético Bucaramanga,1 : 0,Junior,Alfonso López,2023,Apertura
Fecha 3,Unión Magdalena,1 : 1,Envigado F. C.,Sierra Nevada,2023,Apertura
Fecha 3,Águilas Doradas,4 : 2,Deportes Tolima,Alberto Grisales,2023,Apertura
Fecha 3,La Equidad,2 : 2,Boyacá Chicó,Metropolitano de Techo,2023,Apertura
Fecha 3,Millonarios,3 : 1,Alianza Petrolera,Nemesio Camacho El Campín,2023,Apertura
Fecha 4,Junior,0 : 0,Unión Magdalena,Metropolitano Roberto Meléndez,2023,Apertura
Fecha 4,Alianza Petrolera,2 : 0,Atlético Huila,Daniel Villa Zapata,2023,Apertura
Fecha 4,Jaguares,1 : 1,Atlético Bucaramanga,Jaraguay,2023,Apertura
Fecha 4,Envigado F. C.,2 : 1,Independiente Medellín,Metropolitano Ciudad de Itagüí,2023,Apertura
Fecha 4,Once Caldas,1 : 2,Águilas Doradas,Palogrande,2023,Apertura
Fecha 4,América de Cali,1 : 1,La Equidad,Olímpico Pascual Guerrero,2023,Apertura
Fecha 4,Boyacá Chicó,3 : 1,Deportivo Pereira,La Independencia,2023,Apertura
Fecha 4,Atlético Nacional,1 : 1,Deportivo Cali,Atanasio Girardot,2023,Apertura
Fecha 4,Santa Fe,0 : 2,Deportivo Pasto,Nemesio Camacho El Campín,2023,Apertura
Fecha 4,Deportes Tolima,1 : 1,Millonarios,Manuel Murillo Toro,2023,Apertura
Fecha 5,Atlético Huila,0 : 0,Deportes Tolima,Guillermo Plazas Alcid,2023,Apertura
Fecha 5,Envigado F. C.,0 : 0,Alianza Petrolera,Metropolitano Ciudad de Itagüí,2023,Apertura
Fecha 5,Independiente Medellín,0 : 1,América de Cali,Atanasio Girardot,2023,Apertura
Fecha 5,Millonarios,2 : 1,Jaguares,Nemesio Camacho El Campín,2023,Apertura
Fecha 5,Deportivo Pasto,1 : 0,Junior,Departamental Libertad,2023,Apertura
Fecha 5,Deportivo Pereira,3 : 1,Once Caldas,Hernán Ramírez Villegas,2023,Apertura
Fecha 5,La Equidad,0 : 1,Santa Fe,Metropolitano de Techo,2023,Apertura
Fecha 5,Atlético Bucaramanga,1 : 1,Atlético Nacional,Alfonso López,2023,Apertura
Fecha 5,Deportivo Cali,1 : 1,Águilas Doradas,Deportivo Cali,2023,Apertura
Fecha 5,Unión Magdalena,0 : 0,Boyacá Chicó,Sierra Nevada,2023,Apertura
Fecha 6,Águilas Doradas,1 : 0,Atlético Bucaramanga,Alberto Grisales,2023,Apertura
Fecha 6,Junior,1 : 0,La Equidad,Metropolitano Roberto Meléndez,2023,Apertura
Fecha 6,Jaguares,2 : 0,Deportivo Pereira,Jaraguay,2023,Apertura
Fecha 6,América de Cali,1 : 0,Envigado F. C.,Olímpico Pascual Guerrero,2023,Apertura
Fecha 6,Santa Fe,0 : 0,Unión Magdalena,Nemesio Camacho El Campín,2023,Apertura
Fecha 6,Once Caldas,1 : 0,Millonarios,Palogrande,2023,Apertura
Fecha 6,Deportes Tolima,1 : 2,Deportivo Cali,Manuel Murillo Toro,2023,Apertura
Fecha 6,Alianza Petrolera,0 : 1,Independiente Medellín,Daniel Villa Zapata,2023,Apertura
Fecha 6,Atlético Nacional,3 : 1,Atlético Huila,Atanasio Girardot,2023,Apertura
Fecha 6,Boyacá Chicó,1 : 1,Deportivo Pasto,La Independencia,2023,Apertura
Fecha 7,Atlético Bucaramanga,0 : 1,Once Caldas,Alfonso López,2023,Apertura
Fecha 7,La Equidad,1 : 1,Alianza Petrolera,Metropolitano de Techo,2023,Apertura
Fecha 7,Envigado F. C.,3 : 2,Santa Fe,Metropolitano Ciudad de Itagüí,2023,Apertura
Fecha 7,Unión Magdalena,1 : 1,Jaguares,Sierra Nevada,2023,Apertura
Fecha 7,Independiente Medellín,3 : 0,Águilas Doradas,Atanasio Girardot,2023,Apertura
Fecha 7,Millonarios,2 : 0,Deportivo Cali,Nemesio Camacho El Campín,2023,Apertura
Fecha 7,Deportivo Pasto,0 : 1,Atlético Nacional,Departamental Libertad,2023,Apertura
Fecha 7,Deportivo Pereira,1 : 1,Deportes Tolima,Hernán Ramírez Villegas,2023,Apertura
Fecha 7,Atlético Huila,3 : 2,Boyacá Chicó,Guillermo Plazas Alcid,2023,Apertura
Fecha 7,América de Cali,2 : 0,Junior,Olímpico Pascual Guerrero,2023,Apertura
Fecha 8,Jaguares,1 : 2,Atlético Huila,Jaraguay,2023,Apertura
Fecha 8,Deportivo Cali,1 : 1,Atlético Bucaramanga,Deportivo Cali,2023,Apertura
Fecha 8,Atlético Nacional,0 : 0,Millonarios,Atanasio Girardot,2023,Apertura
Fecha 8,Boyacá Chicó,2 : 0,Independiente Medellín,La Independencia,2023,Apertura
Fecha 8,Águilas Doradas,2 : 1,Deportivo Pereira,Alberto Grisales,2023,Apertura
Fecha 8,Junior,1 : 2,Envigado F. C.,Metropolitano Roberto Meléndez,2023,Apertura
Fecha 8,Alianza Petrolera,2 : 1,Unión Magdalena,Daniel Villa Zapata,2023,Apertura
Fecha 8,Once Caldas,0 : 1,Deportivo Pasto,Palogrande,2023,Apertura
Fecha 8,Deportes Tolima,1 : 0,La Equidad,Manuel Murillo Toro,2023,Apertura
Fecha 8,Santa Fe,2 : 0,América de Cali,Nemesio Camacho El Campín,2023,Apertura
Fecha 9,Deportivo Pereira,0 : 2,Atlético Nacional,Hernán Ramírez Villegas,2023,Apertura
Fecha 9,Envigado F. C.,0 : 1,Boyacá Chicó,Polideportivo Sur,2023,Apertura
Fecha 9,La Equidad,0 : 0,Unión Magdalena,Metropolitano de Techo,2023,Apertura
Fecha 9,Deportivo Pasto,2 : 1,Deportivo Cali,Departamental Libertad,2023,Apertura
Fecha 9,Junior,1 : 1,Santa Fe,Metropolitano Roberto Meléndez,2023,Apertura
Fecha 9,América de Cali,1 : 0,Alianza Petrolera,Olímpico Pascual Guerrero,2023,Apertura
Fecha 9,Millonarios,2 : 2,Águilas Doradas,Nemesio Camacho El Campín,2023,Apertura
Fecha 9,Independiente Medellín,1 : 0,Jaguares,Atanasio Girardot,2023,Apertura
Fecha 9,Atlético Bucaramanga,1 : 1,Deportes Tolima,Alfonso López,2023,Apertura
Fecha 9,Atlético Huila,2 : 1,Once Caldas,Guillermo Plazas Alcid,2023,Apertura
Fecha 10,Águilas Doradas,1 : 0,Envigado F. C.,Alberto Grisales,2023,Apertura
Fecha 10,Once Caldas,1 : 1,Deportivo Pereira,Palogrande,2023,Apertura
Fecha 10,Alianza Petrolera,2 : 0,Atlético Bucaramanga,Daniel Villa Zapata,2023,Apertura
Fecha 10,Atlético Nacional,1 : 1,Independiente Medellín,Atanasio Girardot,2023,Apertura
Fecha 10,Deportes Tolima,2 : 1,Atlético Huila,Manuel Murillo Toro,2023,Apertura
Fecha 10,Unión Magdalena,2 : 2,Junior,Sierra Nevada,2023,Apertura
Fecha 10,Deportivo Cali,1 : 1,América de Cali,Deportivo Cali,2023,Apertura
Fecha 10,Santa Fe,1 : 2,Millonarios,Nemesio Camacho El Campín,2023,Apertura
Fecha 10,Jaguares,0 : 1,Deportivo Pasto,Jaraguay,2023,Apertura
Fecha 10,Boyacá Chicó,3 : 1,La Equidad,La Independencia,2023,Apertura
Fecha 11,Deportivo Pasto,0 : 0,Deportivo Pereira,Departamental Libertad,2023,Apertura
Fecha 11,Santa Fe,1 : 0,Boyacá Chicó,Nemesio Camacho El Campín,2023,Apertura
Fecha 11,Envigado F. C.,0 : 0,Once Caldas,Polideportivo Sur,2023,Apertura
Fecha 11,Independiente Medellín,1 : 1,Deportes Tolima,Atanasio Girardot,2023,Apertura
Fecha 11,La Equidad,0 : 0,Atlético Nacional,Nemesio Camacho El Campín,2023,Apertura
Fecha 11,Atlético Bucaramanga,0 : 2,Millonarios,Alfonso López,2023,Apertura
Fecha 11,América de Cali,0 : 0,Jaguares,Olímpico Pascual Guerrero,2023,Apertura
Fecha 11,Unión Magdalena,3 : 1,Águilas Doradas,Sierra Nevada,2023,Apertura
Fecha 11,Atlético Huila,1 : 0,Deportivo Cali,Guillermo Plazas Alcid,2023,Apertura
Fecha 11,Junior,1 : 0,Alianza Petrolera,Metropolitano Roberto Meléndez,2023,Apertura
Fecha 12,Águilas Doradas,2 : 1,Atlético Huila,Alberto Grisales,2023,Apertura
Fecha 12,Once Caldas,1 : 1,Unión Magdalena,Palogrande,2023,Apertura
Fecha 12,Jaguares,2 : 0,Envigado F. C.,Jaraguay,2023,Apertura
Fecha 12,Deportivo Cali,0 : 0,La Equidad,Deportivo Cali,2023,Apertura
Fecha 12,Millonarios,2 : 1,Independiente Medellín,Nemesio Camacho El Campín,2023,Apertura
Fecha 12,Deportivo Pereira,1 : 1,Atlético Bucaramanga,Hernán Ramírez Villegas,2023,Apertura
Fecha 12,Alianza Petrolera,3 : 1,Santa Fe,Daniel Villa Zapata,2023,Apertura
Fecha 12,Atlético Nacional,0 : 1,Junior,Atanasio Girardot,2023,Apertura
Fecha 12,Deportes Tolima,3 : 1,Deportivo Pasto,Manuel Murillo Toro,2023,Apertura
Fecha 12,Boyacá Chicó,1 : 1,América de Cali,La Independencia,2023,Apertura
Fecha 13,La Equidad,4 : 1,Once Caldas,Metropolitano de Techo,2023,Apertura
Fecha 13,Atlético Huila,1 : 1,Millonarios,Guillermo Plazas Alcid,2023,Apertura
Fecha 13,América de Cali,1 : 3,Águilas Doradas,Olímpico Pascual Guerrero,2023,Apertura
Fecha 13,Unión Magdalena,0 : 3,Deportivo Pereira,Sierra Nevada,2023,Apertura
Fecha 13,Independiente Medellín,3 : 0,Deportivo Cali,Atanasio Girardot,2023,Apertura
Fecha 13,Envigado F. C.,2 : 1,Deportes Tolima,Polideportivo Sur,2023,Apertura
Fecha 13,Deportivo Pasto,1 : 0,Atlético Bucaramanga,Departamental Libertad,2023,Apertura
Fecha 13,Junior,1 : 1,Boyacá Chicó,Metropolitano Roberto Meléndez,2023,Apertura
Fecha 13,Alianza Petrolera,3 : 0,Jaguares,Daniel Villa Zapata,2023,Apertura
Fecha 13,Santa Fe,0 : 2,Atlético Nacional,Nemesio Camacho El Campín,2023,Apertura
Fecha 14,Deportivo Cali,2 : 1,Unión Magdalena,Deportivo Cali,2023,Apertura
Fecha 14,Deportivo Pereira,2 : 2,Santa Fe,Hernán Ramírez Villegas,2023,Apertura
Fecha 14,Atlético Bucaramanga,1 : 2,Independiente Medellín,Alfonso López,2023,Apertura
Fecha 14,Deportes Tolima,0 : 1,Junior,Manuel Murillo Toro,2023,Apertura
Fecha 14,Águilas Doradas,2 : 0,Boyacá Chicó,Alberto Grisales,2023,Apertura
Fecha 14,Atlético Huila,1 : 1,Deportivo Pasto,Guillermo Plazas Alcid,2023,Apertura
Fecha 14,Once Caldas,0 : 3(W.O.)[n. 3]​,Alianza Petrolera,Palogrande,2023,Apertura
Fecha 14,Jaguares,1 : 1,La Equidad,Jaraguay,2023,Apertura
Fecha 14,Millonarios,1 : 1,Envigado F. C.,Nemesio Camacho El Campín,2023,Apertura
Fecha 14,Atlético Nacional,2 : 1,América de Cali,Atanasio Girardot,2023,Apertura
Fecha 15,Deportivo Pasto,0 : 0,Águilas Doradas,Departamental Libertad,2023,Apertura
Fecha 15,La Equidad,2 : 1,Atlético Huila,Metropolitano de Techo,2023,Apertura
Fecha 15,Alianza Petrolera,0 : 3,Deportivo Cali,Daniel Villa Zapata,2023,Apertura
Fecha 15,Junior,1 : 0,Jaguares,Metropolitano Roberto Meléndez,2023,Apertura
Fecha 15,Santa Fe,3 : 0,Atlético Bucaramanga,Nemesio Camacho El Campín,2023,Apertura
Fecha 15,Envigado F. C.,0 : 0,Atlético Nacional,Polideportivo Sur,2023,Apertura
Fecha 15,Unión Magdalena,1 : 1,Millonarios,Sierra Nevada,2023,Apertura
Fecha 15,Boyacá Chicó,2 : 0,Deportes Tolima,La Independencia,2023,Apertura
Fecha 15,América de Cali,2 : 1,Deportivo Pereira,Olímpico Pascual Guerrero,2023,Apertura
Fecha 15,Independiente Medellín,2 : 2,Once Caldas,Atanasio Girardot,2023,Apertura
Fecha 16,Atlético Bucaramanga,1 : 1,Alianza Petrolera,Alfonso López,2023,Apertura
Fecha 16,Deportivo Pasto,1 : 1,La Equidad,Departamental Libertad,2023,Apertura
Fecha 16,Atlético Huila,2 : 3,Independiente Medellín,Guillermo Plazas Alcid,2023,Apertura
Fecha 16,Once Caldas,1 : 1,Boyacá Chicó,Palogrande,2023,Apertura
Fecha 16,Deportes Tolima,1 : 1,Jaguares,Manuel Murillo Toro,2023,Apertura
Fecha 16,Águilas Doradas,3 : 1,Santa Fe,Alberto Grisales,2023,Apertura
Fecha 16,Atlético Nacional,2 : 0,Unión Magdalena,Atanasio Girardot,2023,Apertura
Fecha 16,Deportivo Pereira,0 : 0,Envigado F. C.,Hernán Ramírez Villegas,2023,Apertura
Fecha 16,Deportivo Cali,3 : 2,Junior,Deportivo Cali,2023,Apertura
Fecha 16,Millonarios,4 : 3,América de Cali,Nemesio Camacho El Campín,2023,Apertura
Fecha 17,Santa Fe,2 : 0,Deportes Tolima,Nemesio Camacho El Campín,2023,Apertura
Fecha 17,Unión Magdalena,2 : 1,Deportivo Pasto,Sierra Nevada,2023,Apertura
Fecha 17,Alianza Petrolera,2 : 1,Águilas Doradas,Daniel Villa Zapata,2023,Apertura
Fecha 17,Independiente Medellín,1 : 3,Atlético Nacional,Atanasio Girardot,2023,Apertura
Fecha 17,La Equidad,2 : 0,Deportivo Pereira,Metropolitano de Techo,2023,Apertura
Fecha 17,Junior,1 : 0,Millonarios,Metropolitano Roberto Meléndez,2023,Apertura
Fecha 17,América de Cali,5 : 2,Deportivo Cali,Olímpico Pascual Guerrero,2023,Apertura
Fecha 17,Boyacá Chicó,0 : 0,Atlético Bucaramanga,La Independencia,2023,Apertura
Fecha 17,Envigado F. C.,0 : 1,Atlético Huila,Polideportivo Sur,2023,Apertura
Fecha 17,Jaguares,1 : 0,Once Caldas,Jaraguay,2023,Apertura
Fecha 18,Águilas Doradas,1 : 1,La Equidad,Alberto Grisales,2023,Apertura
Fecha 18,Atlético Bucaramanga,3 : 0,Unión Magdalena,Alfonso López,2023,Apertura
Fecha 18,Deportes Tolima,2 : 1,Alianza Petrolera,Manuel Murillo Toro,2023,Apertura
Fecha 18,Once Caldas,2 : 0,Junior,Palogrande,2023,Apertura
Fecha 18,Deportivo Pereira,3 : 1,Independiente Medellín,Hernán Ramírez Villegas,2023,Apertura
Fecha 18,Atlético Nacional,3 : 1,Boyacá Chicó,Atanasio Girardot,2023,Apertura
Fecha 18,Millonarios,1 : 0,Santa Fe,Nemesio Camacho El Campín,2023,Apertura
Fecha 18,Deportivo Pasto,4 : 0,Jaguares,Departamental Libertad,2023,Apertura
Fecha 18,Deportivo Cali,2 : 0,Envigado F. C.,Deportivo Cali,2023,Apertura
Fecha 18,Atlético Huila,0 : 2,América de Cali,Guillermo Plazas Alcid,2023,Apertura
Fecha 19,Envigado F. C.,1 : 2,Águilas Doradas,Polideportivo Sur,2023,Apertura
Fecha 19,Jaguares,1 : 1,Deportivo Cali,Jaraguay,2023,Apertura
Fecha 19,La Equidad,1 : 0,Atlético Bucaramanga,Metropolitano de Techo,2023,Apertura
Fecha 19,Unión Magdalena,1 : 1,Deportes Tolima,Sierra Nevada,2023,Apertura
Fecha 19,Boyacá Chicó,1 : 1,Millonarios,La Independencia,2023,Apertura
Fecha 19,Junior,0 : 0,Deportivo Pereira,Metropolitano Roberto Meléndez,2023,Apertura
Fecha 19,Independiente Medellín,1 : 0,Deportivo Pasto,Atanasio Girardot,2023,Apertura
Fecha 19,América de Cali,0 : 0,Once Caldas,Olímpico Pascual Guerrero,2023,Apertura
Fecha 19,Alianza Petrolera,2 : 1,Atlético Nacional,Daniel Villa Zapata,2023,Apertura
Fecha 19,Santa Fe,5 : 0,Atlético Huila,Nemesio Camacho El Campín,2023,Apertura
Fecha 20,Independiente Medellín,4 : 0,Unión Magdalena,Atanasio Girardot,2023,Apertura
Fecha 20,Millonarios,0 : 0,La Equidad,Nemesio Camacho El Campín,2023,Apertura
Fecha 20,Deportes Tolima,2 : 2,Atlético Nacional,Manuel Murillo Toro,2023,Apertura
Fecha 20,Atlético Huila,0 : 2,Junior,Guillermo Plazas Alcid,2023,Apertura
Fecha 20,Deportivo Pereira,2 : 1,Alianza Petrolera,Hernán Ramírez Villegas,2023,Apertura
Fecha 20,Once Caldas,3 : 1,Santa Fe,Palogrande,2023,Apertura
Fecha 20,Atlético Bucaramanga,2 : 1,América de Cali,Alfonso López,2023,Apertura
Fecha 20,Deportivo Cali,0 : 0,Boyacá Chicó,Deportivo Cali,2023,Apertura
Fecha 20,Águilas Doradas,3 : 0,Jaguares,Alberto Grisales,2023,Apertura
Fecha 20,Deportivo Pasto,2 : 1,Envigado F. C.,Departamental Libertad,2023,Apertura
