Fecha,Local,Resultado,Visitante,Estadio,Año,Tipo de Torneo
Fecha 1,Unión Magdalena,2 : 2,Once Caldas,Sierra Nevada,2022,Finalización
Fecha 1,Deportivo Pereira,1 : 2,Alianza Petrolera,Hernán Ramírez Villegas,2022,Finalización
Fecha 1,Patriotas,1 : 0,Junior,La Independencia,2022,Finalización
Fecha 1,Envigado F. C.,0 : 0,América de Cali,Polideportivo Sur,2022,Finalización
Fecha 1,Millonarios,1 : 1,Deportivo Pasto,Nemesio Camacho El Campín,2022,Finalización
Fecha 1,La Equidad,2 : 2,Santa Fe,Metropolitano de Techo,2022,Finalización
Fecha 1,Atlético Nacional,1 : 1,Cortuluá,Atanasio Girardot,2022,Finalización
Fecha 1,Deportes Tolima,1 : 1,Independiente Medellín,Manuel Murillo Toro,2022,Finalización
Fecha 1,Deportivo Cali,2 : 2,Jaguares,Deportivo Cali,2022,Finalización
Fecha 1,Atlético Bucaramanga,0 : 1,Águilas Doradas,Alfonso López,2022,Finalización
Fecha 2,Alianza Petrolera,0 : 1,Unión Magdalena,Daniel Villa Zapata,2022,Finalización
Fecha 2,Millonarios,0 : 0,Atlético Bucaramanga,Nemesio Camacho El Campín,2022,Finalización
Fecha 2,Cortuluá,0 : 1,Jaguares,Doce de Octubre,2022,Finalización
Fecha 2,Deportivo Pasto,4 : 0,Envigado F. C.,Departamental Libertad,2022,Finalización
Fecha 2,Once Caldas,1 : 1,La Equidad,Palogrande,2022,Finalización
Fecha 2,Junior,3 : 1,Atlético Nacional,Metropolitano Roberto Meléndez,2022,Finalización
Fecha 2,Águilas Doradas,2 : 2,Santa Fe,Alberto Grisales,2022,Finalización
Fecha 2,Independiente Medellín,1 : 0,Patriotas,Atanasio Girardot,2022,Finalización
Fecha 2,Deportes Tolima,2 : 0,Deportivo Cali,Manuel Murillo Toro,2022,Finalización
Fecha 2,América de Cali,0 : 1,Deportivo Pereira,Olímpico Pascual Guerrero,2022,Finalización
Fecha 3,Jaguares,0 : 1,Deportivo Pasto,Jaraguay,2022,Finalización
Fecha 3,Atlético Nacional,1 : 2,Millonarios,Atanasio Girardot,2022,Finalización
Fecha 3,La Equidad,0 : 0,Junior,Metropolitano de Techo,2022,Finalización
Fecha 3,Envigado F. C.,2 : 2,Alianza Petrolera,Polideportivo Sur,2022,Finalización
Fecha 3,Santa Fe,1 : 0,Cortuluá,Nemesio Camacho El Campín,2022,Finalización
Fecha 3,Unión Magdalena,2 : 1,Deportes Tolima,Sierra Nevada,2022,Finalización
Fecha 3,Once Caldas,2 : 0,Águilas Doradas,Palogrande,2022,Finalización
Fecha 3,Deportivo Pereira,2 : 0,Patriotas,Hernán Ramírez Villegas,2022,Finalización
Fecha 3,Deportivo Cali,2 : 2,Independiente Medellín,Deportivo Cali,2022,Finalización
Fecha 3,Atlético Bucaramanga,0 : 2,América de Cali,Alfonso López,2022,Finalización
Fecha 4,Alianza Petrolera,3 : 1,Atlético Bucaramanga,Daniel Villa Zapata,2022,Finalización
Fecha 4,Millonarios,1 : 0,Envigado F. C.,Nemesio Camacho El Campín,2022,Finalización
Fecha 4,Águilas Doradas,3 : 0,La Equidad,Alberto Grisales,2022,Finalización
Fecha 4,Deportivo Pasto,1 : 2,Unión Magdalena,Departamental Libertad,2022,Finalización
Fecha 4,Junior,2 : 0,Santa Fe,Metropolitano Roberto Meléndez,2022,Finalización
Fecha 4,Deportes Tolima,2 : 2,Atlético Nacional,Manuel Murillo Toro,2022,Finalización
Fecha 4,América de Cali,1 : 1,Cortuluá,Doce de Octubre,2022,Finalización
Fecha 4,Independiente Medellín,1 : 1,Once Caldas,Atanasio Girardot,2022,Finalización
Fecha 4,Deportivo Pereira,2 : 1,Deportivo Cali,Hernán Ramírez Villegas,2022,Finalización
Fecha 4,Patriotas,0 : 0,Jaguares,La Independencia,2022,Finalización
Fecha 5,Cortuluá,1 : 0,Independiente Medellín,Doce de Octubre,2022,Finalización
Fecha 5,Jaguares,2 : 1,Alianza Petrolera,Jaraguay,2022,Finalización
Fecha 5,Once Caldas,2 : 1,Deportivo Pereira,Palogrande,2022,Finalización
Fecha 5,Águilas Doradas,1 : 1,Junior,Alberto Grisales,2022,Finalización
Fecha 5,Unión Magdalena,0 : 2,Millonarios,Sierra Nevada,2022,Finalización
Fecha 5,La Equidad,4 : 3,Patriotas,Metropolitano de Techo,2022,Finalización
Fecha 5,Atlético Bucaramanga,2 : 1,Deportes Tolima,Alfonso López,2022,Finalización
Fecha 5,Atlético Nacional,3 : 1,Deportivo Pasto,Atanasio Girardot,2022,Finalización
Fecha 5,Deportivo Cali,0 : 3,Envigado F. C.,Deportivo Cali,2022,Finalización
Fecha 5,Santa Fe,1 : 1,América de Cali,Nemesio Camacho El Campín,2022,Finalización
Fecha 6,Independiente Medellín,1 : 1,La Equidad,Atanasio Girardot,2022,Finalización
Fecha 6,Patriotas,3 : 0,Cortuluá,La Independencia,2022,Finalización
Fecha 6,Envigado F. C.,1 : 2,Unión Magdalena,Polideportivo Sur,2022,Finalización
Fecha 6,Deportes Tolima,2 : 2,Jaguares,Manuel Murillo Toro,2022,Finalización
Fecha 6,Alianza Petrolera,0 : 2,Atlético Nacional,Daniel Villa Zapata,2022,Finalización
Fecha 6,Millonarios,4 : 2,Deportivo Cali,Nemesio Camacho El Campín,2022,Finalización
Fecha 6,Deportivo Pasto,1 : 0,Atlético Bucaramanga,Departamental Libertad,2022,Finalización
Fecha 6,Junior,1 : 2,Once Caldas,Metropolitano Roberto Meléndez,2022,Finalización
Fecha 6,Deportivo Pereira,0 : 1,Santa Fe,Hernán Ramírez Villegas,2022,Finalización
Fecha 6,América de Cali,2 : 0,Águilas Doradas,Olímpico Pascual Guerrero,2022,Finalización
Fecha 7,Atlético Bucaramanga,1 : 0,Unión Magdalena,Alfonso López,2022,Finalización
Fecha 7,Cortuluá,0 : 2,Alianza Petrolera,Doce de Octubre,2022,Finalización
Fecha 7,Santa Fe,2 : 1,Deportes Tolima,Nemesio Camacho El Campín,2022,Finalización
Fecha 7,Junior,4 : 2,Independiente Medellín,Metropolitano Roberto Meléndez,2022,Finalización
Fecha 7,Jaguares,1 : 2,Deportivo Pereira,Jaraguay,2022,Finalización
Fecha 7,Águilas Doradas,0 : 0,Millonarios,Alberto Grisales,2022,Finalización
Fecha 7,Once Caldas,1 : 1,Patriotas,Palogrande,2022,Finalización
Fecha 7,La Equidad,0 : 0,América de Cali,Nemesio Camacho El Campín,2022,Finalización
Fecha 7,Atlético Nacional,1 : 1,Envigado F. C.,Atanasio Girardot,2022,Finalización
Fecha 7,Deportivo Cali,2 : 0,Deportivo Pasto,Deportivo Cali,2022,Finalización
Fecha 8,Envigado F. C.,2 : 1,Atlético Bucaramanga,Polideportivo Sur,2022,Finalización
Fecha 8,Alianza Petrolera,4 : 4,Deportivo Cali,Daniel Villa Zapata,2022,Finalización
Fecha 8,Deportivo Pereira,2 : 1,Cortuluá,Hernán Ramírez Villegas,2022,Finalización
Fecha 8,Patriotas,0 : 1,Águilas Doradas,La Independencia,2022,Finalización
Fecha 8,Millonarios,2 : 0,Jaguares,Nemesio Camacho El Campín,2022,Finalización
Fecha 8,Independiente Medellín,2 : 0,Santa Fe,Atanasio Girardot,2022,Finalización
Fecha 8,América de Cali,2 : 1,Junior,Olímpico Pascual Guerrero,2022,Finalización
Fecha 8,Unión Magdalena,2 : 2,Atlético Nacional,Sierra Nevada,2022,Finalización
Fecha 8,Deportes Tolima,1 : 1,La Equidad,Manuel Murillo Toro,2022,Finalización
Fecha 8,Deportivo Pasto,2 : 0,Once Caldas,Departamental Libertad,2022,Finalización
Fecha 9,Once Caldas,1 : 1,América de Cali,Palogrande,2022,Finalización
Fecha 9,Santa Fe,2 : 1,Patriotas,Nemesio Camacho El Campín,2022,Finalización
Fecha 9,Alianza Petrolera,0 : 0,Deportivo Pasto,Daniel Villa Zapata,2022,Finalización
Fecha 9,Atlético Nacional,3 : 2,Atlético Bucaramanga,Atanasio Girardot,2022,Finalización
Fecha 9,La Equidad,1 : 1,Deportivo Pereira,Metropolitano de Techo,2022,Finalización
Fecha 9,Cortuluá,1 : 4,Millonarios,Doce de Octubre,2022,Finalización
Fecha 9,Junior,2 : 1,Deportes Tolima,Metropolitano Roberto Meléndez,2022,Finalización
Fecha 9,Águilas Doradas,3 : 0,Independiente Medellín,Alberto Grisales,2022,Finalización
Fecha 9,Jaguares,0 : 0,Envigado F. C.,Jaraguay,2022,Finalización
Fecha 9,Deportivo Cali,2 : 2,Unión Magdalena,Deportivo Cali,2022,Finalización
Fecha 10,Atlético Bucaramanga,3 : 1,Alianza Petrolera,Alfonso López,2022,Finalización
Fecha 10,Deportes Tolima,0 : 0,Cortuluá,Manuel Murillo Toro,2022,Finalización
Fecha 10,Millonarios,2 : 0,Santa Fe,Nemesio Camacho El Campín,2022,Finalización
Fecha 10,Deportivo Pereira,1 : 1,Once Caldas,Hernán Ramírez Villegas,2022,Finalización
Fecha 10,Unión Magdalena,2 : 1,Junior,Sierra Nevada,2022,Finalización
Fecha 10,Independiente Medellín,4 : 3,Atlético Nacional,Atanasio Girardot,2022,Finalización
Fecha 10,América de Cali,1 : 0,Deportivo Cali,Olímpico Pascual Guerrero,2022,Finalización
Fecha 10,Deportivo Pasto,2 : 1,Jaguares,Departamental Libertad,2022,Finalización
Fecha 10,Patriotas,2 : 3,La Equidad,La Independencia,2022,Finalización
Fecha 10,Envigado F. C.,0 : 1,Águilas Doradas,Polideportivo Sur,2022,Finalización
Fecha 11,Patriotas,1 : 1,Deportes Tolima,La Independencia,2022,Finalización
Fecha 11,Cortuluá,1 : 2,Unión Magdalena,Doce de Octubre,2022,Finalización
Fecha 11,Junior,0 : 0,Deportivo Pereira,Metropolitano Roberto Meléndez,2022,Finalización
Fecha 11,Independiente Medellín,2 : 0,América de Cali,Atanasio Girardot,2022,Finalización
Fecha 11,Santa Fe,2 : 1,Deportivo Pasto,Nemesio Camacho El Campín,2022,Finalización
Fecha 11,Once Caldas,2 : 1,Millonarios,Palogrande,2022,Finalización
Fecha 11,Jaguares,0 : 1,Atlético Nacional,Jaraguay,2022,Finalización
Fecha 11,La Equidad,0 : 1,Envigado F. C.,Metropolitano de Techo,2022,Finalización
Fecha 11,Deportivo Cali,1 : 1,Atlético Bucaramanga,Deportivo Cali,2022,Finalización
Fecha 11,Águilas Doradas,1 : 0,Alianza Petrolera,Alberto Grisales,2022,Finalización
Fecha 12,Alianza Petrolera,1 : 2,La Equidad,Daniel Villa Zapata,2022,Finalización
Fecha 12,Atlético Bucaramanga,2 : 1,Santa Fe,Alfonso López,2022,Finalización
Fecha 12,Envigado F. C.,3 : 2,Cortuluá,Polideportivo Sur,2022,Finalización
Fecha 12,Deportes Tolima,1 : 0,Once Caldas,Manuel Murillo Toro,2022,Finalización
Fecha 12,Unión Magdalena,1 : 0,Jaguares,Sierra Nevada,2022,Finalización
Fecha 12,Deportivo Pasto,2 : 1,Junior,Departamental Libertad,2022,Finalización
Fecha 12,Atlético Nacional,3 : 0,Deportivo Cali,Atanasio Girardot,2022,Finalización
Fecha 12,América de Cali,2 : 0,Patriotas,Olímpico Pascual Guerrero,2022,Finalización
Fecha 12,Deportivo Pereira,2 : 2,Águilas Doradas,Hernán Ramírez Villegas,2022,Finalización
Fecha 12,Millonarios,1 : 2,Independiente Medellín,Nemesio Camacho El Campín,2022,Finalización
Fecha 13,Jaguares,0 : 1,Atlético Bucaramanga,Jaraguay,2022,Finalización
Fecha 13,Once Caldas,1 : 0,Envigado F. C.,Palogrande,2022,Finalización
Fecha 13,Cortuluá,2 : 0,Deportivo Cali,Doce de Octubre,2022,Finalización
Fecha 13,La Equidad,2 : 3,Deportivo Pasto,Metropolitano de Techo,2022,Finalización
Fecha 13,América de Cali,0 : 0,Deportes Tolima,Olímpico Pascual Guerrero,2022,Finalización
Fecha 13,Junior,0 : 1,Millonarios,Metropolitano Roberto Meléndez,2022,Finalización
Fecha 13,Patriotas,0 : 0,Alianza Petrolera,La Independencia,2022,Finalización
Fecha 13,Águilas Doradas,2 : 0,Unión Magdalena,Alberto Grisales,2022,Finalización
Fecha 13,Independiente Medellín,2 : 1,Deportivo Pereira,Metropolitano Ciudad de Itagüí,2022,Finalización
Fecha 13,Santa Fe,1 : 1,Atlético Nacional,Nemesio Camacho El Campín,2022,Finalización
Fecha 14,Atlético Bucaramanga,0 : 0,Once Caldas,Alfonso López,2022,Finalización
Fecha 14,Millonarios,2 : 2,América de Cali,Nemesio Camacho El Campín,2022,Finalización
Fecha 14,Envigado F. C.,1 : 2,Independiente Medellín,Polideportivo Sur,2022,Finalización
Fecha 14,Unión Magdalena,0 : 2,Santa Fe,Sierra Nevada,2022,Finalización
Fecha 14,Alianza Petrolera,0 : 1,Junior,Daniel Villa Zapata,2022,Finalización
Fecha 14,Deportes Tolima,1 : 3,Deportivo Pereira,Manuel Murillo Toro,2022,Finalización
Fecha 14,Deportivo Cali,1 : 2,La Equidad,Deportivo Cali,2022,Finalización
Fecha 14,Jaguares,0 : 0,Águilas Doradas,Jaraguay,2022,Finalización
Fecha 14,Atlético Nacional,1 : 0,Patriotas,Atanasio Girardot,2022,Finalización
Fecha 14,Deportivo Pasto,1 : 0,Cortuluá,Departamental Libertad,2022,Finalización
Fecha 15,Independiente Medellín,3 : 1,Alianza Petrolera,Atanasio Girardot,2022,Finalización
Fecha 15,Cortuluá,0 : 2,Atlético Bucaramanga,Doce de Octubre,2022,Finalización
Fecha 15,Once Caldas,0 : 1,Jaguares,Palogrande,2022,Finalización
Fecha 15,La Equidad,1 : 0,Millonarios,Metropolitano de Techo,2022,Finalización
Fecha 15,Águilas Doradas,1 : 2,Deportes Tolima,Alberto Grisales,2022,Finalización
Fecha 15,Deportivo Pereira,2 : 0,Deportivo Pasto,Hernán Ramírez Villegas,2022,Finalización
Fecha 15,Junior,1 : 0,Deportivo Cali,Metropolitano Roberto Meléndez,2022,Finalización
Fecha 15,América de Cali,0 : 0,Atlético Nacional,Olímpico Pascual Guerrero,2022,Finalización
Fecha 15,Santa Fe,1 : 0,Envigado F. C.,Nemesio Camacho El Campín,2022,Finalización
Fecha 15,Patriotas,3 : 1,Unión Magdalena,La Independencia,2022,Finalización
Fecha 16,Envigado F. C.,3 : 2,Patriotas,Polideportivo Sur,2022,Finalización
Fecha 16,Jaguares,1 : 1,La Equidad,Jaraguay,2022,Finalización
Fecha 16,Cortuluá,0 : 1,Once Caldas,Doce de Octubre,2022,Finalización
Fecha 16,Deportivo Pasto,2 : 1,Deportes Tolima,Departamental Libertad,2022,Finalización
Fecha 16,Atlético Nacional,1 : 1,Águilas Doradas,Atanasio Girardot,2022,Finalización
Fecha 16,Deportivo Cali,1 : 0,América de Cali,Deportivo Cali,2022,Finalización
Fecha 16,Atlético Bucaramanga,0 : 1,Junior,Alfonso López,2022,Finalización
Fecha 16,Unión Magdalena,0 : 2,Independiente Medellín,Sierra Nevada,2022,Finalización
Fecha 16,Alianza Petrolera,4 : 0,Santa Fe,Daniel Villa Zapata,2022,Finalización
Fecha 16,Millonarios,0 : 1,Deportivo Pereira,Nemesio Camacho El Campín,2022,Finalización
Fecha 17,Santa Fe,3 : 2,Millonarios,Nemesio Camacho El Campín,2022,Finalización
Fecha 17,Patriotas,1 : 1,Deportivo Pasto,La Independencia,2022,Finalización
Fecha 17,La Equidad,1 : 1,Cortuluá,Metropolitano de Techo,2022,Finalización
Fecha 17,Deportivo Pereira,0 : 2,Envigado F. C.,Hernán Ramírez Villegas,2022,Finalización
Fecha 17,Águilas Doradas,2 : 2,Deportivo Cali,Alberto Grisales,2022,Finalización
Fecha 17,América de Cali,1 : 1,Jaguares,Olímpico Pascual Guerrero,2022,Finalización
Fecha 17,Deportes Tolima,2 : 0,Alianza Petrolera,Manuel Murillo Toro,2022,Finalización
Fecha 17,Junior,1 : 1,Unión Magdalena,Metropolitano Roberto Meléndez,2022,Finalización
Fecha 17,Once Caldas,1 : 0,Atlético Nacional,Palogrande,2022,Finalización
Fecha 17,Independiente Medellín,1 : 2,Atlético Bucaramanga,Atanasio Girardot,2022,Finalización
Fecha 18,Atlético Nacional,3 : 2,Independiente Medellín,Atanasio Girardot,2022,Finalización
Fecha 18,Deportivo Pasto,1 : 1,Águilas Doradas,Departamental Libertad,2022,Finalización
Fecha 18,Atlético Bucaramanga,3 : 1,La Equidad,Alfonso López,2022,Finalización
Fecha 18,Cortuluá,0 : 1,Deportes Tolima,Doce de Octubre,2022,Finalización
Fecha 18,Unión Magdalena,2 : 0,Deportivo Pereira,Sierra Nevada,2022,Finalización
Fecha 18,Millonarios,0 : 0,Patriotas,Nemesio Camacho El Campín,2022,Finalización
Fecha 18,Jaguares,2 : 1,Santa Fe,Jaraguay,2022,Finalización
Fecha 18,Envigado F. C.,2 : 0,Junior,Polideportivo Sur,2022,Finalización
Fecha 18,Deportivo Cali,1 : 1,Once Caldas,Deportivo Cali,2022,Finalización
Fecha 18,Alianza Petrolera,0 : 2,América de Cali,Daniel Villa Zapata,2022,Finalización
Fecha 19,La Equidad,4 : 1,Unión Magdalena,Metropolitano de Techo,2022,Finalización
Fecha 19,Águilas Doradas,1 : 0,Envigado F. C.,Alberto Grisales,2022,Finalización
Fecha 19,Santa Fe,1 : 0,Deportivo Cali,Nemesio Camacho El Campín,2022,Finalización
Fecha 19,América de Cali,4 : 0,Deportivo Pasto,Olímpico Pascual Guerrero,2022,Finalización
Fecha 19,Deportes Tolima,1 : 0,Millonarios,Manuel Murillo Toro,2022,Finalización
Fecha 19,Independiente Medellín,0 : 0,Jaguares,Atanasio Girardot,2022,Finalización
Fecha 19,Patriotas,3 : 4,Atlético Bucaramanga,La Independencia,2022,Finalización
Fecha 19,Deportivo Pereira,1 : 1,Atlético Nacional,Hernán Ramírez Villegas,2022,Finalización
Fecha 19,Junior,2 : 1,Cortuluá,Metropolitano Roberto Meléndez,2022,Finalización
Fecha 19,Once Caldas,1 : 1,Alianza Petrolera,Palogrande,2022,Finalización
Fecha 20,Envigado F. C.,1 : 1,Deportes Tolima,Polideportivo Sur,2022,Finalización
Fecha 20,Deportivo Cali,1 : 0,Patriotas,Deportivo Cali,2022,Finalización
Fecha 20,Unión Magdalena,0 : 0,América de Cali,Sierra Nevada,2022,Finalización
Fecha 20,Atlético Nacional,1 : 1,La Equidad,Atanasio Girardot,2022,Finalización
Fecha 20,Alianza Petrolera,2 : 4,Millonarios,Daniel Villa Zapata,2022,Finalización
Fecha 20,Santa Fe,2 : 1,Once Caldas,Nemesio Camacho El Campín,2022,Finalización
Fecha 20,Atlético Bucaramanga,1 : 3,Deportivo Pereira,Alfonso López,2022,Finalización
Fecha 20,Jaguares,0 : 2,Junior,Jaraguay,2022,Finalización
Fecha 20,Deportivo Pasto,0 : 0,Independiente Medellín,Departamental Libertad,2022,Finalización
Fecha 20,Cortuluá,0 : 0,Águilas Doradas,Doce de Octubre,2022,Finalización
