Fecha,Local,Resultado,Visitante,Estadio,Año,Tipo de Torneo
Fecha 1,Atlético Huila,2 : 3,Atlético Nacional,Guillermo Plazas Alcid,2013,Finalización
Fecha 1,Cúcuta Deportivo,1 : 2,Itagüí,General Santander,2013,Finalización
Fecha 1,Boyacá Chicó,0 : 0,Patriotas,La Independencia,2013,Finalización
Fecha 1,Deportivo Pasto,1 : 0,Deportes Quindío,Departamental Libertad,2013,Finalización
Fecha 1,La Equidad,1 : 1,Millonarios,Metropolitano de Techo,2013,Finalización
Fecha 1,Independiente Medellín,1 : 1,Deportes Tolima,Atanasio Girardot,2013,Finalización
Fecha 1,Once Caldas,0 : 3,Deportivo Cali,Palogrande,2013,Finalización
Fecha 1,Envigado,0 : 1,Junior,Polideportivo Sur,2013,Finalización
Fecha 1,Santa Fe,2 : 2,Alianza Petrolera,Nemesio Camacho El Campín,2013,Finalización
Fecha 2,Deportivo Cali,1 : 1,Boyacá Chicó,Deportivo Cali,2013,Finalización
Fecha 2,Itagüí,1 : 0,Atlético Huila,Metropolitano Ciudad de Itagüí,2013,Finalización
Fecha 2,Patriotas,1 : 1,Deportivo Pasto,La Independencia,2013,Finalización
Fecha 2,Atlético Nacional,1 : 1,Santa Fe,Atanasio Girardot,2013,Finalización
Fecha 2,Junior,1 : 0,Once Caldas,Metropolitano Roberto Meléndez,2013,Finalización
Fecha 2,Alianza Petrolera,1 : 2,La Equidad,Álvaro Gómez Hurtado,2013,Finalización
Fecha 2,Deportes Quindío,0 : 3[n 2]​,Cúcuta Deportivo,Centenario,2013,Finalización
Fecha 2,Deportes Tolima,1 : 0,Envigado,Manuel Murillo Toro,2013,Finalización
Fecha 2,Millonarios,2 : 2,Independiente Medellín,Nemesio Camacho El Campín,2013,Finalización
Fecha 3,Cúcuta Deportivo,2 : 3,Patriotas,General Santander,2013,Finalización
Fecha 3,Alianza Petrolera,1 : 2,Atlético Nacional,Álvaro Gómez Hurtado,2013,Finalización
Fecha 3,Santa Fe,2 : 1,Itagüí,Nemesio Camacho El Campín,2013,Finalización
Fecha 3,Deportivo Pasto,1 : 1,Deportivo Cali,Departamental Libertad,2013,Finalización
Fecha 3,Once Caldas,4 : 0,Deportes Tolima,Palogrande,2013,Finalización
Fecha 3,Boyacá Chicó,1 : 1,Junior,La Independencia,2013,Finalización
Fecha 3,Atlético Huila,1 : 1,Deportes Quindío,Guillermo Plazas Alcid,2013,Finalización
Fecha 3,Envigado,2 : 1,Millonarios,Polideportivo Sur,2013,Finalización
Fecha 3,Independiente Medellín,2 : 1,La Equidad,Atanasio Girardot,2013,Finalización
Fecha 4,La Equidad,0 : 0,Envigado,Metropolitano de Techo,2013,Finalización
Fecha 4,Itagüí,0 : 4,Atlético Nacional,Metropolitano Ciudad de Itagüí,2013,Finalización
Fecha 4,Deportes Tolima,1 : 1,Boyacá Chicó,Manuel Murillo Toro,2013,Finalización
Fecha 4,Millonarios,3 : 0,Once Caldas,Nemesio Camacho El Campín,2013,Finalización
Fecha 4,Deportes Quindío,0 : 2,Santa Fe,Centenario,2013,Finalización
Fecha 4,Junior,0 : 1,Deportivo Pasto,Metropolitano Roberto Meléndez,2013,Finalización
Fecha 4,Independiente Medellín,0 : 1,Alianza Petrolera,Atanasio Girardot,2013,Finalización
Fecha 4,Deportivo Cali,2 : 1,Cúcuta Deportivo,Deportivo Cali,2013,Finalización
Fecha 4,Patriotas,2 : 1,Atlético Huila,La Independencia,2013,Finalización
Fecha 5,Atlético Huila,1 : 0,Deportivo Cali,Guillermo Plazas Alcid,2013,Finalización
Fecha 5,Envigado,0 : 4,Independiente Medellín,Polideportivo Sur,2013,Finalización
Fecha 5,Santa Fe,2 : 1,Patriotas,Nemesio Camacho El Campín,2013,Finalización
Fecha 5,Cúcuta Deportivo,1 : 5,Junior,General Santander,2013,Finalización
Fecha 5,Once Caldas,2 : 2,La Equidad,Palogrande,2013,Finalización
Fecha 5,Boyacá Chicó,1 : 1,Millonarios,La Independencia,2013,Finalización
Fecha 5,Atlético Nacional,2 : 1,Deportes Quindío,Atanasio Girardot,2013,Finalización
Fecha 5,Alianza Petrolera,1 : 0,Itagüí,Álvaro Gómez Hurtado,2013,Finalización
Fecha 5,Deportivo Pasto,1 : 1,Deportes Tolima,Departamental Libertad,2013,Finalización
Fecha 6,Deportes Quindío,0 : 2,Itagüí,Centenario,2013,Finalización
Fecha 6,Deportes Tolima,2 : 1,Cúcuta Deportivo,Manuel Murillo Toro,2013,Finalización
Fecha 6,Deportivo Cali,2 : 0,Santa Fe,Pascual Guerrero,2013,Finalización
Fecha 6,La Equidad,5 : 2,Boyacá Chicó,Metropolitano de Techo,2013,Finalización
Fecha 6,Independiente Medellín,1 : 2,Once Caldas,Atanasio Girardot,2013,Finalización
Fecha 6,Millonarios,4 : 0,Deportivo Pasto,Nemesio Camacho El Campín,2013,Finalización
Fecha 6,Junior,2 : 1,Atlético Huila,Metropolitano Roberto Meléndez,2013,Finalización
Fecha 6,Envigado,0 : 0,Alianza Petrolera,Polideportivo Sur,2013,Finalización
Fecha 6,Patriotas,1 : 0,Atlético Nacional,La Independencia,2013,Finalización
Fecha 7,Alianza Petrolera,1 : 1,Deportes Quindío,Álvaro Gómez Hurtado,2013,Finalización
Fecha 7,Atlético Huila,1 : 1,Deportes Tolima,Guillermo Plazas Alcid,2013,Finalización
Fecha 7,Santa Fe,3 : 0,Junior,Nemesio Camacho El Campín,2013,Finalización
Fecha 7,Cúcuta Deportivo,0 : 1,Millonarios,General Santander,2013,Finalización
Fecha 7,Atlético Nacional,2 : 0,Deportivo Cali,Atanasio Girardot,2013,Finalización
Fecha 7,Once Caldas,2 : 1,Envigado,Palogrande,2013,Finalización
Fecha 7,Itagüí,2 : 0,Patriotas,Metropolitano Ciudad de Itagüí,2013,Finalización
Fecha 7,Boyacá Chicó,3 : 1,Independiente Medellín,La Independencia,2013,Finalización
Fecha 7,Deportivo Pasto,4 : 1,La Equidad,Departamental Libertad,2013,Finalización
Fecha 8,Millonarios,3 : 2,Atlético Huila,Nemesio Camacho El Campín,2013,Finalización
Fecha 8,Envigado,2 : 2,Boyacá Chicó,Polideportivo Sur,2013,Finalización
Fecha 8,Independiente Medellín,0 : 0,Deportivo Pasto,Atanasio Girardot,2013,Finalización
Fecha 8,Patriotas,3 : 0,Deportes Quindío,La Independencia,2013,Finalización
Fecha 8,Junior,0 : 1,Atlético Nacional,Metropolitano Roberto Meléndez,2013,Finalización
Fecha 8,Deportivo Cali,1 : 0,Itagüí,Pascual Guerrero,2013,Finalización
Fecha 8,Once Caldas,1 : 1,Alianza Petrolera,Palogrande,2013,Finalización
Fecha 8,La Equidad,0 : 0,Cúcuta Deportivo,Metropolitano de Techo,2013,Finalización
Fecha 8,Deportes Tolima,1 : 1,Santa Fe,Manuel Murillo Toro,2013,Finalización
Fecha 9,La Equidad,4 : 0,Alianza Petrolera,Metropolitano de Techo,2013,Finalización
Fecha 9,Deportes Quindío,2 : 1,Once Caldas,Centenario,2013,Finalización
Fecha 9,Junior,1 : 1,Cúcuta Deportivo,Metropolitano Roberto Meléndez,2013,Finalización
Fecha 9,Atlético Nacional,3 : 0[n 3]​,Independiente Medellín,Atanasio Girardot,2013,Finalización
Fecha 9,Patriotas,1 : 0,Boyacá Chicó,La Independencia,2013,Finalización
Fecha 9,Itagüí,0 : 1,Envigado,Metropolitano Ciudad de Itagüí,2013,Finalización
Fecha 9,Millonarios,0 : 0,Santa Fe,Nemesio Camacho El Campín,2013,Finalización
Fecha 9,Deportes Tolima,1 : 0,Atlético Huila,Manuel Murillo Toro,2013,Finalización
Fecha 9,Deportivo Cali,0 : 0,Deportivo Pasto,Deportivo Cali,2013,Finalización
Fecha 10,Itagüí,4 : 0,Junior,Metropolitano Ciudad de Itagüí,2013,Finalización
Fecha 10,Alianza Petrolera,0 : 0,Patriotas,Álvaro Gómez Hurtado,2013,Finalización
Fecha 10,Santa Fe,0 : 0,Millonarios,Nemesio Camacho El Campín,2013,Finalización
Fecha 10,Deportivo Pasto,0 : 0,Envigado,Departamental Libertad,2013,Finalización
Fecha 10,Atlético Nacional,2 : 0,Deportes Tolima,Atanasio Girardot,2013,Finalización
Fecha 10,Cúcuta Deportivo,0 : 1,Independiente Medellín,General Santander,2013,Finalización
Fecha 10,Deportes Quindío,0 : 5,Deportivo Cali,Centenario,2013,Finalización
Fecha 10,Atlético Huila,1 : 1,La Equidad,Guillermo Plazas Alcid,2013,Finalización
Fecha 10,Boyacá Chicó,0 : 1,Once Caldas,La Independencia,2013,Finalización
Fecha 11,Once Caldas,1 : 1,Deportivo Pasto,Palogrande,2013,Finalización
Fecha 11,Envigado,2 : 0,Cúcuta Deportivo,Polideportivo Sur,2013,Finalización
Fecha 11,Deportivo Cali,1 : 1,Patriotas,Deportivo Cali,2013,Finalización
Fecha 11,Independiente Medellín,4 : 0,Atlético Huila,Atanasio Girardot,2013,Finalización
Fecha 11,La Equidad,1 : 1,Santa Fe,Metropolitano de Techo,2013,Finalización
Fecha 11,Junior,3 : 0,Deportes Quindío,Metropolitano Roberto Meléndez,2013,Finalización
Fecha 11,Boyacá Chicó,1 : 2,Alianza Petrolera,La Independencia,2013,Finalización
Fecha 11,Millonarios,0 : 2,Atlético Nacional,Nemesio Camacho El Campín,2013,Finalización
Fecha 11,Deportes Tolima,1 : 1,Itagüí,Manuel Murillo Toro,2013,Finalización
Fecha 12,Atlético Huila,2 : 1,Envigado,Guillermo Plazas Alcid,2013,Finalización
Fecha 12,Patriotas,0 : 2,Junior,La Independencia,2013,Finalización
Fecha 12,Cúcuta Deportivo,0 : 0,Once Caldas,General Santander,2013,Finalización
Fecha 12,Deportes Quindío,1 : 0,Deportes Tolima,Centenario,2013,Finalización
Fecha 12,Itagüí,2 : 2,Millonarios,Metropolitano Ciudad de Itagüí,2013,Finalización
Fecha 12,Alianza Petrolera,0 : 2,Deportivo Cali,Álvaro Gómez Hurtado,2013,Finalización
Fecha 12,Santa Fe,1 : 1,Independiente Medellín,Nemesio Camacho El Campín,2013,Finalización
Fecha 12,Atlético Nacional,0 : 0,La Equidad,Atanasio Girardot,2013,Finalización
Fecha 12,Deportivo Pasto,4 : 3,Boyacá Chicó,Departamental Libertad,2013,Finalización
Fecha 13,Deportes Tolima,1 : 1,Patriotas,Manuel Murillo Toro,2013,Finalización
Fecha 13,Deportivo Pasto,2 : 1,Alianza Petrolera,Departamental Libertad,2013,Finalización
Fecha 13,Independiente Medellín,1 : 1,Atlético Nacional,Atanasio Girardot,2013,Finalización
Fecha 13,Envigado,2 : 1,Santa Fe,Polideportivo Sur,2013,Finalización
Fecha 13,Millonarios,2 : 0,Deportes Quindío,Nemesio Camacho El Campín,2013,Finalización
Fecha 13,Junior,1 : 1,Deportivo Cali,Metropolitano Roberto Meléndez,2013,Finalización
Fecha 13,Boyacá Chicó,3 : 1,Deportivo Cúcuta,La Independencia,2013,Finalización
Fecha 13,Once Caldas,2 : 0,Atlético Huila,Palogrande,2013,Finalización
Fecha 13,La Equidad,2 : 0,Itagüí,Metropolitano de Techo,2013,Finalización
Fecha 14,Alianza Petrolera,1 : 1,Junior,Álvaro Gómez Hurtado,2013,Finalización
Fecha 14,Patriotas,2 : 2,Millonarios,La Independencia,2013,Finalización
Fecha 14,Atlético Nacional,4 : 1,Envigado,Atanasio Girardot,2013,Finalización
Fecha 14,Deportivo Cali,0 : 0,Deportes Tolima,Pascual Guerrero,2013,Finalización
Fecha 14,Deportes Quindío,1 : 0,La Equidad,Centenario,2013,Finalización
Fecha 14,Itagüí,1 : 0,Independiente Medellín,Metropolitano Ciudad de Itagüí,2013,Finalización
Fecha 14,Santa Fe,1 : 0,Once Caldas,Nemesio Camacho El Campín,2013,Finalización
Fecha 14,Cúcuta Deportivo,1 : 2,Deportivo Pasto,General Santander,2013,Finalización
Fecha 14,Atlético Huila,2 : 1,Boyacá Chicó,Guillermo Plazas Alcid,2013,Finalización
Fecha 15,Deportivo Pasto,2 : 2,Atlético Huila,Departamental Libertad,2013,Finalización
Fecha 15,Envigado,1 : 1,Itagüí,Polideportivo Sur,2013,Finalización
Fecha 15,Deportes Tolima,3 : 3,Junior,Manuel Murillo Toro,2013,Finalización
Fecha 15,Once Caldas,0 : 1,Atlético Nacional,Palogrande,2013,Finalización
Fecha 15,Millonarios,1 : 0,Deportivo Cali,Nemesio Camacho El Campín,2013,Finalización
Fecha 15,Cúcuta Deportivo,2 : 0,Alianza Petrolera,General Santander,2013,Finalización
Fecha 15,Boyacá Chicó,0 : 2,Santa Fe,La Independencia,2013,Finalización
Fecha 15,La Equidad,1 : 0,Patriotas,Metropolitano de Techo,2013,Finalización
Fecha 15,Independiente Medellín,1 : 0,Deportes Quindío,Atanasio Girardot,2013,Finalización
Fecha 16,Patriotas,0 : 0,Independiente Medellín,La Independencia,2013,Finalización
Fecha 16,Alianza Petrolera,2 : 1,Deportes Tolima,Álvaro Gómez Hurtado,2013,Finalización
Fecha 16,Santa Fe,2 : 0,Deportivo Pasto,Metropolitano de Techo,2013,Finalización
Fecha 16,Deportivo Cali,1 : 0,La Equidad,Pascual Guerrero,2013,Finalización
Fecha 16,Atlético Huila,2 : 2,Cúcuta Deportivo,Guillermo Plazas Alcid,2013,Finalización
Fecha 16,Junior,3 : 2,Millonarios,Metropolitano Roberto Meléndez,2013,Finalización
Fecha 16,Itagüí,0 : 4,Once Caldas,Metropolitano Ciudad de Itagüí,2013,Finalización
Fecha 16,Atlético Nacional,0 : 1,Boyacá Chicó,Atanasio Girardot,2013,Finalización
Fecha 16,Deportes Quindío,1 : 2,Envigado,Centenario,2013,Finalización
Fecha 17,Cúcuta Deportivo,1 : 0,Santa Fe,General Santander,2013,Finalización
Fecha 17,Envigado,1 : 1,Patriotas,Polideportivo Sur,2013,Finalización
Fecha 17,Atlético Huila,2 : 0,Alianza Petrolera,Guillermo Plazas Alcid,2013,Finalización
Fecha 17,Once Caldas,3 : 0,Deportes Quindío,Palogrande,2013,Finalización
Fecha 17,Millonarios,2 : 1,Deportes Tolima,Nemesio Camacho El Campín,2013,Finalización
Fecha 17,La Equidad,2 : 2,Junior,Metropolitano de Techo,2013,Finalización
Fecha 17,Independiente Medellín,3 : 1,Deportivo Cali,Atanasio Girardot,2013,Finalización
Fecha 17,Boyacá Chicó,0 : 2,Itagüí,La Independencia,2013,Finalización
Fecha 17,Deportivo Pasto,1 : 1,Atlético Nacional,Departamental Libertad,2013,Finalización
Fecha 18,Alianza Petrolera,0 : 1,Millonarios,Álvaro Gómez Hurtado,2013,Finalización
Fecha 18,Deportes Quindío,2 : 1,Boyacá Chicó,Centenario,2013,Finalización
Fecha 18,Atlético Nacional,1 : 2,Cúcuta Deportivo,Atanasio Girardot,2013,Finalización
Fecha 18,Deportes Tolima,3 : 1,La Equidad,Manuel Murillo Toro,2013,Finalización
Fecha 18,Itagüí,1 : 0,Deportivo Pasto,Metropolitano Ciudad de Itagüí,2013,Finalización
Fecha 18,Patriotas,0 : 1,Once Caldas,Metropolitano de Techo,2013,Finalización
Fecha 18,Junior,3 : 2,Independiente Medellín,Metropolitano Roberto Meléndez,2013,Finalización
Fecha 18,Santa Fe,3 : 4,Atlético Huila,Nemesio Camacho El Campín,2013,Finalización
Fecha 18,Deportivo Cali,1 : 1,Envigado,Olímpico Pascual Guerrero,2013,Finalización
