Fecha,Día,Local,Resultado,Visitante,Año,Tipo de Torneo
Fecha 1,5 de febrero de 2006,América de Cali,0  -  3,Deportivo Cali,2006,Apertura
Fecha 1,5 de febrero de 2006,Atlético Huila,1  -  1,Millonarios,2006,Apertura
Fecha 1,5 de febrero de 2006,Deportivo Pasto,1  -  1,Pereira,2006,Apertura
Fecha 1,5 de febrero de 2006,Deportes Quindío,1  -  0,Real Cartagena,2006,Apertura
Fecha 1,5 de febrero de 2006,Independiente Medellín,2  -  0,Atlético Bucaramanga,2006,Apertura
Fecha 1,5 de febrero de 2006,Cúcuta Deportivo,3  -  2,Atlético Nacional,2006,Apertura
Fecha 1,5 de febrero de 2006,Junior,3  -  2,Envigado F. C.,2006,Apertura
Fecha 1,5 de febrero de 2006,Once Caldas,2  -  2,Boyacá Chicó,2006,Apertura
Fecha 1,5 de febrero de 2006,Santa Fe,0  -  2,Deportes Tolima,2006,Apertura
Fecha 2,12 de febrero de 2006,Millonarios,1  -  0,Deportivo Pasto,2006,Apertura
Fecha 2,12 de febrero de 2006,Deportes Tolima,2  -  0,Atlético Huila,2006,Apertura
Fecha 2,12 de febrero de 2006,Boyacá Chicó,2  -  0,Santa Fe,2006,Apertura
Fecha 2,12 de febrero de 2006,Envigado F. C.,1  -  1,Once Caldas,2006,Apertura
Fecha 2,12 de febrero de 2006,Atlético Nacional,2  -  2,Junior,2006,Apertura
Fecha 2,12 de febrero de 2006,Deportivo Cali,0  -  2,Cúcuta Deportivo,2006,Apertura
Fecha 2,12 de febrero de 2006,Atlético Bucaramanga,1  -  0,América de Cali,2006,Apertura
Fecha 2,12 de febrero de 2006,Real Cartagena,2  -  2,Independiente Medellín,2006,Apertura
Fecha 2,12 de febrero de 2006,Pereira,1  -  0,Deportes Quindío,2006,Apertura
Fecha 3,19 de febrero de 2006,Once Caldas,1  -  0,Atlético Nacional,2006,Apertura
Fecha 3,19 de febrero de 2006,Deportivo Pasto,4  -  1,Atlético Huila,2006,Apertura
Fecha 3,19 de febrero de 2006,Deportes Quindío,1  -  1,Millonarios,2006,Apertura
Fecha 3,19 de febrero de 2006,Independiente Medellín,1  -  0,Pereira,2006,Apertura
Fecha 3,19 de febrero de 2006,América de Cali,2  -  1,Real Cartagena,2006,Apertura
Fecha 3,19 de febrero de 2006,Cúcuta Deportivo,1  -  1,Atlético Bucaramanga,2006,Apertura
Fecha 3,19 de febrero de 2006,Junior,0  -  0,Deportivo Cali,2006,Apertura
Fecha 3,19 de febrero de 2006,Santa Fe,3  -  3,Envigado F. C.,2006,Apertura
Fecha 3,19 de febrero de 2006,Deportes Tolima,3  -  1,Boyacá Chicó,2006,Apertura
Fecha 4,26 de febrero de 2006,Atlético Nacional,2  -  1,Santa Fe,2006,Apertura
Fecha 4,26 de febrero de 2006,Atlético Huila,3  -  1,Boyacá Chicó,2006,Apertura
Fecha 4,26 de febrero de 2006,Real Cartagena,0  -  1,Cúcuta Deportivo,2006,Apertura
Fecha 4,26 de febrero de 2006,Millonarios,3  -  0,Independiente Medellín,2006,Apertura
Fecha 4,26 de febrero de 2006,Pereira,2  -  2,América de Cali,2006,Apertura
Fecha 4,26 de febrero de 2006,Atlético Bucaramanga,2  -  0,Junior,2006,Apertura
Fecha 4,26 de febrero de 2006,Deportivo Cali,1  -  2,Once Caldas,2006,Apertura
Fecha 4,26 de febrero de 2006,Deportivo Pasto,2  -  3,Deportes Quindío,2006,Apertura
Fecha 4,26 de febrero de 2006,Envigado F. C.,3  -  7,Deportes Tolima,2006,Apertura
Fecha 5,5 de marzo de 2006,América de Cali,1  -  0,Millonarios,2006,Apertura
Fecha 5,5 de marzo de 2006,Deportes Quindío,2  -  0,Atlético Huila,2006,Apertura
Fecha 5,5 de marzo de 2006,Independiente Medellín,2  -  2,Deportivo Pasto,2006,Apertura
Fecha 5,5 de marzo de 2006,Cúcuta Deportivo,0  -  1,Pereira,2006,Apertura
Fecha 5,5 de marzo de 2006,Junior,2  -  0,Real Cartagena,2006,Apertura
Fecha 5,5 de marzo de 2006,Once Caldas,1  -  0,Atlético Bucaramanga,2006,Apertura
Fecha 5,5 de marzo de 2006,Santa Fe,2  -  1,Deportivo Cali,2006,Apertura
Fecha 5,5 de marzo de 2006,Deportes Tolima,5  -  1,Atlético Nacional,2006,Apertura
Fecha 5,5 de marzo de 2006,Boyacá Chicó,0  -  0,Envigado F. C.,2006,Apertura
Fecha 6,8 de marzo de 2006,Atlético Bucaramanga,2  -  1,Santa Fe,2006,Apertura
Fecha 6,8 de marzo de 2006,Atlético Huila,1  -  0,Envigado F. C.,2006,Apertura
Fecha 6,8 de marzo de 2006,Atlético Nacional,1  -  0,Boyacá Chicó,2006,Apertura
Fecha 6,8 de marzo de 2006,Deportivo Cali,2  -  1,Deportes Tolima,2006,Apertura
Fecha 6,8 de marzo de 2006,Real Cartagena,1  -  2,Once Caldas,2006,Apertura
Fecha 6,8 de marzo de 2006,Pereira,1  -  0,Junior,2006,Apertura
Fecha 6,8 de marzo de 2006,Millonarios,1  -  0,Cúcuta Deportivo,2006,Apertura
Fecha 6,8 de marzo de 2006,Deportivo Pasto,2  -  1,América de Cali,2006,Apertura
Fecha 6,8 de marzo de 2006,Deportes Quindío,2  -  0,Independiente Medellín,2006,Apertura
Fecha 7,15 de marzo de 2006,Envigado F. C.,1  -  0,Atlético Nacional,2006,Apertura
Fecha 7,15 de marzo de 2006,Independiente Medellín,0  -  1,Atlético Huila,2006,Apertura
Fecha 7,15 de marzo de 2006,América de Cali,0  -  1,Deportes Quindío,2006,Apertura
Fecha 7,15 de marzo de 2006,Cúcuta Deportivo,3  -  1,Deportivo Pasto,2006,Apertura
Fecha 7,15 de marzo de 2006,Junior,4  -  4,Millonarios,2006,Apertura
Fecha 7,15 de marzo de 2006,Once Caldas,2  -  1,Pereira,2006,Apertura
Fecha 7,15 de marzo de 2006,Santa Fe,2  -  1,Real Cartagena,2006,Apertura
Fecha 7,15 de marzo de 2006,Deportes Tolima,0  -  0,Atlético Bucaramanga,2006,Apertura
Fecha 7,15 de marzo de 2006,Boyacá Chicó,1  -  1,Deportivo Cali,2006,Apertura
Fecha 8,19 de marzo de 2006,Independiente Medellín,2  -  3,América de Cali,2006,Apertura
Fecha 8,19 de marzo de 2006,Atlético Huila,1  -  0,Atlético Nacional,2006,Apertura
Fecha 8,19 de marzo de 2006,Deportivo Cali,0  -  1,Envigado F. C.,2006,Apertura
Fecha 8,19 de marzo de 2006,Atlético Bucaramanga,1  -  0,Boyacá Chicó,2006,Apertura
Fecha 8,19 de marzo de 2006,Real Cartagena,1  -  2,Deportes Tolima,2006,Apertura
Fecha 8,19 de marzo de 2006,Pereira,1  -  1,Santa Fe,2006,Apertura
Fecha 8,19 de marzo de 2006,Millonarios,1  -  1,Once Caldas,2006,Apertura
Fecha 8,19 de marzo de 2006,Deportivo Pasto,2  -  0,Junior,2006,Apertura
Fecha 8,19 de marzo de 2006,Deportes Quindío,0  -  1,Cúcuta Deportivo,2006,Apertura
Fecha 9,26 de marzo de 2006,Millonarios,3  -  3,Santa Fe,2006,Apertura
Fecha 9,26 de marzo de 2006,Deportivo Cali,1  -  1,América de Cali,2006,Apertura
Fecha 9,26 de marzo de 2006,Atlético Nacional,2  -  1,Independiente Medellín,2006,Apertura
Fecha 9,26 de marzo de 2006,Real Cartagena,1  -  2,Junior,2006,Apertura
Fecha 9,26 de marzo de 2006,Atlético Huila,1  -  4,Deportes Tolima,2006,Apertura
Fecha 9,26 de marzo de 2006,Pereira,0  -  0,Once Caldas,2006,Apertura
Fecha 9,26 de marzo de 2006,Atlético Bucaramanga,2  -  1,Cúcuta Deportivo,2006,Apertura
Fecha 9,26 de marzo de 2006,Envigado F. C.,2  -  0,Deportes Quindío,2006,Apertura
Fecha 9,26 de marzo de 2006,Boyacá Chicó,0  -  0,Deportivo Pasto,2006,Apertura
Fecha 10,2 de abril de 2006,Atlético Nacional,2  -  0,Deportivo Cali,2006,Apertura
Fecha 10,2 de abril de 2006,Cúcuta Deportivo,1  -  0,Independiente Medellín,2006,Apertura
Fecha 10,2 de abril de 2006,Santa Fe,1  -  3,Millonarios,2006,Apertura
Fecha 10,2 de abril de 2006,Deportes Tolima,0  -  0,Pereira,2006,Apertura
Fecha 10,2 de abril de 2006,Junior,0  -  1,Deportes Quindío,2006,Apertura
Fecha 10,2 de abril de 2006,Envigado F. C.,0  -  0,Atlético Bucaramanga,2006,Apertura
Fecha 10,2 de abril de 2006,Once Caldas,4  -  2,Deportivo Pasto,2006,Apertura
Fecha 10,2 de abril de 2006,América de Cali,2  -  1,Atlético Huila,2006,Apertura
Fecha 10,2 de abril de 2006,Boyacá Chicó,4  -  2,Real Cartagena,2006,Apertura
Fecha 11,9 de abril de 2006,Milonarios,0  -  3,Deportes Tolima,2006,Apertura
Fecha 11,9 de abril de 2006,Atlético Huila,3  -  1,Deportivo Cali,2006,Apertura
Fecha 11,9 de abril de 2006,Atlético Bucaramanga,0  -  2,Atlético Nacional,2006,Apertura
Fecha 11,9 de abril de 2006,Real Cartagena,0  -  1,Envigado,2006,Apertura
Fecha 11,9 de abril de 2006,Pereira,1  -  1,Boyacá Chicó,2006,Apertura
Fecha 11,9 de abril de 2006,Deportivo Pasto,4  -  1,Santa Fe,2006,Apertura
Fecha 11,9 de abril de 2006,Deportes Quindío,1  -  3,Once Caldas,2006,Apertura
Fecha 11,9 de abril de 2006,Independiente Medellín,3  -  1,Junior,2006,Apertura
Fecha 11,9 de abril de 2006,América de Cali,0  -  1,Cúcuta Deportivo,2006,Apertura
Fecha 12,16 de abril de 2006,Once Caldas,6  -  0,Independiente Medellín,2006,Apertura
Fecha 12,16 de abril de 2006,Cúcuta Deportivo,4  -  0,Atlético Huila,2006,Apertura
Fecha 12,16 de abril de 2006,Junior,1  -  2,América de Cali,2006,Apertura
Fecha 12,16 de abril de 2006,Santa Fe,0  -  0,Deportes Quindío,2006,Apertura
Fecha 12,16 de abril de 2006,Deportes Tolima,1  -  1,Deportivo Pasto,2006,Apertura
Fecha 12,16 de abril de 2006,Envigado F. C.,2  -  0,Pereira,2006,Apertura
Fecha 12,16 de abril de 2006,Atlético Nacional,1  -  0,Real Cartagena,2006,Apertura
Fecha 12,16 de abril de 2006,Deportivo Cali,4  -  1,Atlético Bucaramanga,2006,Apertura
Fecha 12,16 de abril de 2006,Boyacá Chicó,0  -  2,Millonarios,2006,Apertura
Fecha 13,23 de abril de 2006,Pereira,2  -  1,Atlético Nacional,2006,Apertura
Fecha 13,23 de abril de 2006,Atlético Huila,2  -  1,Atlético Bucaramanga,2006,Apertura
Fecha 13,23 de abril de 2006,Real Cartagena,0  -  1,Deportivo Cali,2006,Apertura
Fecha 13,23 de abril de 2006,Millonarios,1  -  1,Envigado F. C.,2006,Apertura
Fecha 13,23 de abril de 2006,Deportes Quindío,2  -  1,Deportes Tolima,2006,Apertura
Fecha 13,23 de abril de 2006,Deportivo Pasto,1  -  1,Boyacá Chicó,2006,Apertura
Fecha 13,23 de abril de 2006,Independiente Medellín,0  -  1,Santa Fe,2006,Apertura
Fecha 13,23 de abril de 2006,América de Cali,0  -  0,Once Caldas,2006,Apertura
Fecha 13,23 de abril de 2006,Cúcuta Deportivo,2  -  0,Junior,2006,Apertura
Fecha 14,30 de abril de 2006,Once Caldas,2  -  2,Cúcuta Deportivo,2006,Apertura
Fecha 14,30 de abril de 2006,Junior,3  -  0,Atlético Huila,2006,Apertura
Fecha 14,30 de abril de 2006,Santa Fe,1  -  3,América de Cali,2006,Apertura
Fecha 14,30 de abril de 2006,Deportes Tolima,0  -  0,Independiente Medellín,2006,Apertura
Fecha 14,30 de abril de 2006,Boyacá Chicó,1  -  2,Deportes Quindío,2006,Apertura
Fecha 14,30 de abril de 2006,Envigado F. C.,0  -  1,Deportivo Pasto,2006,Apertura
Fecha 14,30 de abril de 2006,Atlético Nacional,2  -  0,Millonarios,2006,Apertura
Fecha 14,30 de abril de 2006,Deportivo Cali,1  -  1,Pereira,2006,Apertura
Fecha 14,30 de abril de 2006,Atlético Bucaramanga,0  -  1,Real Cartagena,2006,Apertura
Fecha 15,7 de mayo de 2006,América de Cali,1  -  0,Deportes Tolima,2006,Apertura
Fecha 15,7 de mayo de 2006,Atlético Huila,1  -  3,Real Cartagena,2006,Apertura
Fecha 15,7 de mayo de 2006,Pereira,3  -  2,Atlético Bucaramanga,2006,Apertura
Fecha 15,7 de mayo de 2006,Deportivo Pasto,0  -  0,Atlético Nacional,2006,Apertura
Fecha 15,7 de mayo de 2006,Deportes Quindío,1  -  1,Envigado F. C.,2006,Apertura
Fecha 15,7 de mayo de 2006,Independiente Medellín,1  -  2,Boyacá Chicó,2006,Apertura
Fecha 15,7 de mayo de 2006,Cúcuta Deportivo,2  -  0,Santa Fe,2006,Apertura
Fecha 15,7 de mayo de 2006,Junior,0  -  0,Once Caldas,2006,Apertura
Fecha 15,7 de mayo de 2006,Millonarios,0  -  1,Deportivo Cali,2006,Apertura
Fecha 16,13 de mayo de 2006,Envigado F. C.,0  -  0,Independiente Medellín,2006,Apertura
Fecha 16,13 de mayo de 2006,Once Caldas,1  -  0,Atlético Huila,2006,Apertura
Fecha 16,13 de mayo de 2006,Santa Fe,4  -  2,Junior,2006,Apertura
Fecha 16,13 de mayo de 2006,Deportes Tolima,2  -  2,Cúcuta Deportivo,2006,Apertura
Fecha 16,13 de mayo de 2006,Boyacá Chicó,1  -  0,América de Cali,2006,Apertura
Fecha 16,13 de mayo de 2006,Atlético Nacional,2  -  1,Deportes Quindío,2006,Apertura
Fecha 16,13 de mayo de 2006,Deportivo Cali,1  -  0,Deportivo Pasto,2006,Apertura
Fecha 16,13 de mayo de 2006,Atlético Bucaramanga,2  -  3,Millonarios,2006,Apertura
Fecha 16,13 de mayo de 2006,Real Cartagena,0  -  1,Pereira,2006,Apertura
Fecha 17,17 de mayo de 2006,Atlético Huila,0  -  3,Pereira,2006,Apertura
Fecha 17,17 de mayo de 2006,Millonarios,2  -  1,Real Cartagena,2006,Apertura
Fecha 17,17 de mayo de 2006,Deportivo Pasto,2  -  1,Atlético Bucaramanga,2006,Apertura
Fecha 17,17 de mayo de 2006,Deportes Quindío,0  -  1,Deportivo Cali,2006,Apertura
Fecha 17,17 de mayo de 2006,Independiente Medellín,1  -  1,Atlético Nacional,2006,Apertura
Fecha 17,17 de mayo de 2006,América de Cali,2  -  1,Envigado F. C.,2006,Apertura
Fecha 17,17 de mayo de 2006,Cúcuta Deportivo,1  -  1,Boyacá Chicó,2006,Apertura
Fecha 17,17 de mayo de 2006,Junior,1  -  2,Deportes Tolima,2006,Apertura
Fecha 17,17 de mayo de 2006,Once Caldas,0  -  2,Santa Fe,2006,Apertura
Fecha 18,21 de mayo de 2006,Santa Fe,1  -  1,Atlético Huila,2006,Apertura
Fecha 18,21 de mayo de 2006,Boyacá Chicó,1  -  1,Junior,2006,Apertura
Fecha 18,21 de mayo de 2006,Envigado F. C.,1  -  2,Cúcuta Deportivo,2006,Apertura
Fecha 18,21 de mayo de 2006,Atlético Nacional,6  -  0,América de Cali,2006,Apertura
Fecha 18,21 de mayo de 2006,Atlético Bucaramanga,1  -  0,Deportes Quindío,2006,Apertura
Fecha 18,21 de mayo de 2006,Deportivo Cali,1  -  0,Independiente Medellín,2006,Apertura
Fecha 18,21 de mayo de 2006,Real Cartagena,0  -  3,Deportivo Pasto,2006,Apertura
Fecha 18,21 de mayo de 2006,Pereira,1  -  1,Millonarios,2006,Apertura
Fecha 18,21 de mayo de 2006,Deportes Tolima,1  -  3,Once Caldas,2006,Apertura
