Fecha,Día,Local,Resultado,Visitante,Año,Tipo de Torneo
Fecha 1,16 de julio de 2006,Atlético Nacional,2  -  1,Cúcuta,2006,Finalización
Fecha 1,16 de julio de 2006,Millonarios,1  -  1,Huila,2006,Finalización
Fecha 1,16 de julio de 2006,Pereira,2  -  1,Pasto,2006,Finalización
Fecha 1,16 de julio de 2006,Bucaramanga,0  -  2,Medellín,2006,Finalización
Fecha 1,16 de julio de 2006,Deportivo Cali,2  -  1,América de Cali,2006,Finalización
Fecha 1,16 de julio de 2006,Envigado,1  -  3,Junior,2006,Finalización
Fecha 1,16 de julio de 2006,Boyacá Chicó,3  -  0,Once Caldas,2006,Finalización
Fecha 1,16 de julio de 2006,Tolima,2  -  0,Santa Fe,2006,Finalización
Fecha 1,16 de julio de 2006,Cartagena,1  -  2,Quindío,2006,Finalización
Fecha 2,23 de julio de 2006,Santa Fe,1  -  1,Boyacá Chicó,2006,Finalización
Fecha 2,23 de julio de 2006,Huila,3  -  2,Tolima,2006,Finalización
Fecha 2,23 de julio de 2006,Once Caldas,1  -  0,Envigado,2006,Finalización
Fecha 2,23 de julio de 2006,Junior,2  -  1,Atlético Nacional,2006,Finalización
Fecha 2,23 de julio de 2006,Cúcuta,1  -  1,Deportivo Cali,2006,Finalización
Fecha 2,23 de julio de 2006,América de Cali,1  -  2,Bucaramanga,2006,Finalización
Fecha 2,23 de julio de 2006,Medellín,1  -  0,Cartagena,2006,Finalización
Fecha 2,23 de julio de 2006,Quindío,2  -  0,Pereira,2006,Finalización
Fecha 2,23 de julio de 2006,Pasto,1  -  0,Millonarios,2006,Finalización
Fecha 3,30 de julio de 2006,Deportivo Cali,0  -  0,Junior,2006,Finalización
Fecha 3,30 de julio de 2006,Huila,1  -  0,Pasto,2006,Finalización
Fecha 3,30 de julio de 2006,Millonarios,1  -  0,Quindío,2006,Finalización
Fecha 3,30 de julio de 2006,Pereira,3  -  1,Medellín,2006,Finalización
Fecha 3,30 de julio de 2006,Bucaramanga,0  -  1,Cúcuta,2006,Finalización
Fecha 3,30 de julio de 2006,Atlético Nacional,3  -  1,Once Caldas,2006,Finalización
Fecha 3,30 de julio de 2006,Envigado,0  -  0,Santa Fe,2006,Finalización
Fecha 3,30 de julio de 2006,Boyacá Chicó,0  -  1,Tolima,2006,Finalización
Fecha 3,30 de julio de 2006,Cartagena,2  -  1,América de Cali,2006,Finalización
Fecha 4,6 de agosto de 2006,Santa Fe,4  -  0,Atlético Nacional,2006,Finalización
Fecha 4,6 de agosto de 2006,Boyacá Chicó,1  -  0,Huila,2006,Finalización
Fecha 4,6 de agosto de 2006,Tolima,1  -  0,Envigado,2006,Finalización
Fecha 4,6 de agosto de 2006,Once Caldas,0  -  2,Deportivo Cali,2006,Finalización
Fecha 4,6 de agosto de 2006,Junior,2  -  2,Bucaramanga,2006,Finalización
Fecha 4,6 de agosto de 2006,Cúcuta,1  -  1,Cartagena,2006,Finalización
Fecha 4,6 de agosto de 2006,América de Cali,0  -  2,Pereira,2006,Finalización
Fecha 4,6 de agosto de 2006,Medellín,1  -  0,Millonarios,2006,Finalización
Fecha 4,6 de agosto de 2006,Quindío,2  -  1,Pasto,2006,Finalización
Fecha 5,13 de agosto de 2006,Nacional,1  -  1,Tolima,2006,Finalización
Fecha 5,13 de agosto de 2006,Huila,4  -  1,Quindío,2006,Finalización
Fecha 5,13 de agosto de 2006,Pasto,3  -  0,Medellín,2006,Finalización
Fecha 5,13 de agosto de 2006,Millonarios,1  -  0,América de Cali,2006,Finalización
Fecha 5,13 de agosto de 2006,Pereira,0  -  1,Cúcuta,2006,Finalización
Fecha 5,13 de agosto de 2006,Cartagena,1  -  0,Junior,2006,Finalización
Fecha 5,13 de agosto de 2006,Bucaramanga,2  -  0,Once Caldas,2006,Finalización
Fecha 5,13 de agosto de 2006,Deportivo Cali,3  -  2,Santa Fe,2006,Finalización
Fecha 5,13 de agosto de 2006,Envigado,1  -  2,Boyacá Chicó,2006,Finalización
Fecha 6,20 de agosto de 2006,Tolima,1  -  1,Deportivo Cali,2006,Finalización
Fecha 6,20 de agosto de 2006,Envigado,2  -  0,Huila,2006,Finalización
Fecha 6,20 de agosto de 2006,Boyacá Chicó,0  -  1,Atlético Nacional,2006,Finalización
Fecha 6,20 de agosto de 2006,Santa Fe,4  -  2,Bucaramanga,2006,Finalización
Fecha 6,20 de agosto de 2006,Once Caldas,1  -  1,Cartagena,2006,Finalización
Fecha 6,20 de agosto de 2006,Junior,1  -  1,Pereira,2006,Finalización
Fecha 6,20 de agosto de 2006,Cúcuta,2  -  1,Millonarios,2006,Finalización
Fecha 6,20 de agosto de 2006,América de Cali,1  -  1,Pasto,2006,Finalización
Fecha 6,20 de agosto de 2006,Medellín,2  -  0,Quindío,2006,Finalización
Fecha 7,27 de agosto de 2006,Deportivo Cali,1  -  3,Boyacá Chicó,2006,Finalización
Fecha 7,27 de agosto de 2006,Huila,1  -  1,Medellín,2006,Finalización
Fecha 7,27 de agosto de 2006,Quindío,2  -  2,América de Cali,2006,Finalización
Fecha 7,27 de agosto de 2006,Pasto,2  -  1,Cúcuta,2006,Finalización
Fecha 7,27 de agosto de 2006,Millonarios,3  -  1,Junior,2006,Finalización
Fecha 7,27 de agosto de 2006,Pereira,0  -  0,Once Caldas,2006,Finalización
Fecha 7,27 de agosto de 2006,Cartagena,1  -  0,Santa Fe,2006,Finalización
Fecha 7,27 de agosto de 2006,Bucaramanga,1  -  1,Tolima,2006,Finalización
Fecha 7,27 de agosto de 2006,Atlético Nacional,0  -  0,Envigado,2006,Finalización
Fecha 8,3 de septiembre de 2006,Once Caldas,2  -  2,Millonarios,2006,Finalización
Fecha 8,3 de septiembre de 2006,Atlético Nacional,1  -  0,Huila,2006,Finalización
Fecha 8,3 de septiembre de 2006,Envigado,0  -  3,Deportivo Cali,2006,Finalización
Fecha 8,3 de septiembre de 2006,Boyacá Chicó,2  -  1,Bucaramanga,2006,Finalización
Fecha 8,3 de septiembre de 2006,Tolima,4  -  1,Cartagena,2006,Finalización
Fecha 8,3 de septiembre de 2006,Santa Fe,1  -  4,Pereira,2006,Finalización
Fecha 8,3 de septiembre de 2006,Junior,1  -  0,Pasto,2006,Finalización
Fecha 8,3 de septiembre de 2006,Cúcuta,3  -  0,Quindío,2006,Finalización
Fecha 8,3 de septiembre de 2006,América de Cali,3  -  2,Medellín,2006,Finalización
Fecha 9,10 de septiembre de 2006,América de Cali,1  -  3,Deportivo Cali,2006,Finalización
Fecha 9,10 de septiembre de 2006,Pasto,1  -  0,Boyacá Chicó,2006,Finalización
Fecha 9,10 de septiembre de 2006,Quindío,1  -  0,Envigado,2006,Finalización
Fecha 9,10 de septiembre de 2006,Medellín,0  -  1,Atlético Nacional,2006,Finalización
Fecha 9,10 de septiembre de 2006,Cúcuta,3  -  2,Bucaramanga,2006,Finalización
Fecha 9,10 de septiembre de 2006,Junior,2  -  1,Cartagena,2006,Finalización
Fecha 9,10 de septiembre de 2006,Once Caldas,1  -  0,Pereira,2006,Finalización
Fecha 9,10 de septiembre de 2006,Santa Fe,3  -  2,Millonarios,2006,Finalización
Fecha 9,10 de septiembre de 2006,Tolima,3  -  2,Huila,2006,Finalización
Fecha 10,17 de septiembre de 2006,Millonarios,2  -  2,Santa Fe,2006,Finalización
Fecha 10,17 de septiembre de 2006,Huila,2  -  0,América de Cali,2006,Finalización
Fecha 10,17 de septiembre de 2006,Medellín,2  -  0,Cúcuta,2006,Finalización
Fecha 10,17 de septiembre de 2006,Quindío,3  -  0,Junior,2006,Finalización
Fecha 10,17 de septiembre de 2006,Pasto,2  -  1,Once Caldas,2006,Finalización
Fecha 10,17 de septiembre de 2006,Pereira,1  -  2,Tolima,2006,Finalización
Fecha 10,17 de septiembre de 2006,Cartagena,1  -  1,Boyacá Chicó,2006,Finalización
Fecha 10,17 de septiembre de 2006,Bucaramanga,3  -  1,Envigado,2006,Finalización
Fecha 10,17 de septiembre de 2006,Deportivo Cali,1  -  1,Atlético Nacional,2006,Finalización
Fecha 11,24 de septiembre de 2006,Atlético Nacional,3  -  0,Bucaramanga,2006,Finalización
Fecha 11,24 de septiembre de 2006,Deportivo Cali,0  -  0,Huila,2006,Finalización
Fecha 11,24 de septiembre de 2006,Envigado,1  -  0,Cartagena,2006,Finalización
Fecha 11,24 de septiembre de 2006,Boyacá Chicó,3  -  0,Pereira,2006,Finalización
Fecha 11,24 de septiembre de 2006,Tolima,1  -  0,Millonarios,2006,Finalización
Fecha 11,24 de septiembre de 2006,Santa Fe,0  -  1,Pasto,2006,Finalización
Fecha 11,24 de septiembre de 2006,Once Caldas,3  -  2,Quindío,2006,Finalización
Fecha 11,24 de septiembre de 2006,Junior,2  -  2,Medellín,2006,Finalización
Fecha 11,24 de septiembre de 2006,Cúcuta,2  -  0,América de Cali,2006,Finalización
Fecha 12,1 de octubre de 2006,Medellín,3  -  2,Once Caldas,2006,Finalización
Fecha 12,1 de octubre de 2006,Huila,1  -  1,Cúcuta,2006,Finalización
Fecha 12,1 de octubre de 2006,América de Cali,1  -  0,Junior,2006,Finalización
Fecha 12,1 de octubre de 2006,Quindío,1  -  1,Santa Fe,2006,Finalización
Fecha 12,1 de octubre de 2006,Pasto,1  -  0,Tolima,2006,Finalización
Fecha 12,1 de octubre de 2006,Millonarios,2  -  1,Boyacá Chicó,2006,Finalización
Fecha 12,1 de octubre de 2006,Pereira,2  -  3,Envigado,2006,Finalización
Fecha 12,1 de octubre de 2006,Cartagena,0  -  1,Atlético Nacional,2006,Finalización
Fecha 12,1 de octubre de 2006,Bucaramanga,2  -  2,Deportivo Cali,2006,Finalización
Fecha 13,8 de octubre de 2006,Junior,0  -  1,Cúcuta,2006,Finalización
Fecha 13,8 de octubre de 2006,Bucaramanga,1  -  0,Huila,2006,Finalización
Fecha 13,8 de octubre de 2006,Deportivo Cali,1  -  2,Cartagena,2006,Finalización
Fecha 13,8 de octubre de 2006,Atlético Nacional,2  -  0,Pereira,2006,Finalización
Fecha 13,8 de octubre de 2006,Envigado,0  -  1,Millonarios,2006,Finalización
Fecha 13,8 de octubre de 2006,Boyacá Chicó,1  -  0,Pasto,2006,Finalización
Fecha 13,8 de octubre de 2006,Tolima,2  -  0,Quindío,2006,Finalización
Fecha 13,8 de octubre de 2006,Santa Fe,3  -  2,Medellín,2006,Finalización
Fecha 13,8 de octubre de 2006,Once Caldas,4  -  1,América de Cali,2006,Finalización
Fecha 14,15 de octubre de 2006,Millonarios,2  -  0,Atlético Nacional,2006,Finalización
Fecha 14,15 de octubre de 2006,Huila,3  -  0,Junior,2006,Finalización
Fecha 14,15 de octubre de 2006,Cúcuta,1  -  1,Once Caldas,2006,Finalización
Fecha 14,15 de octubre de 2006,América de Cali,2  -  2,Santa Fe,2006,Finalización
Fecha 14,15 de octubre de 2006,Medellín,4  -  1,Tolima,2006,Finalización
Fecha 14,15 de octubre de 2006,Quindío,3  -  1,Boyacá Chicó,2006,Finalización
Fecha 14,15 de octubre de 2006,Pasto,5  -  0,Envigado,2006,Finalización
Fecha 14,15 de octubre de 2006,Pereira,2  -  0,Deportivo Cali,2006,Finalización
Fecha 14,15 de octubre de 2006,Cartagena,2  -  0,Bucaramanga,2006,Finalización
Fecha 15,22 de octubre de 2006,Santa Fe,4  -  1,Cúcuta,2006,Finalización
Fecha 15,22 de octubre de 2006,Cartagena,0  -  1,Huila,2006,Finalización
Fecha 15,22 de octubre de 2006,Bucaramanga,3  -  3,Pereira,2006,Finalización
Fecha 15,22 de octubre de 2006,Deportivo Cali,0  -  1,Millonarios,2006,Finalización
Fecha 15,22 de octubre de 2006,Atlético Nacional,1  -  1,Pasto,2006,Finalización
Fecha 15,22 de octubre de 2006,Envigado,3  -  3,Quindío,2006,Finalización
Fecha 15,22 de octubre de 2006,Boyacá Chicó,1  -  0,Medellín,2006,Finalización
Fecha 15,22 de octubre de 2006,Tolima,2  -  2,América de Cali,2006,Finalización
Fecha 15,22 de octubre de 2006,Once Caldas,2  -  0,Junior,2006,Finalización
Fecha 16,29 de octubre de 2006,Millonarios,2  -  0,Bucaramanga,2006,Finalización
Fecha 16,29 de octubre de 2006,Huila,3  -  2,Once Caldas,2006,Finalización
Fecha 16,29 de octubre de 2006,Junior,3  -  3,Santa Fe,2006,Finalización
Fecha 16,29 de octubre de 2006,Cúcuta,1  -  0,Tolima,2006,Finalización
Fecha 16,29 de octubre de 2006,América de Cali,0  -  1,Boyacá Chicó,2006,Finalización
Fecha 16,29 de octubre de 2006,Medellín,2  -  1,Envigado,2006,Finalización
Fecha 16,29 de octubre de 2006,Quindío,1  -  0,Atlético Nacional,2006,Finalización
Fecha 16,29 de octubre de 2006,Pasto,1  -  1,Deportivo Cali,2006,Finalización
Fecha 16,29 de octubre de 2006,Pereira,0  -  0,Cartagena,2006,Finalización
Fecha 17,5 de noviembre de 2006,Deportivo Cali,1  -  0,Quindío,2006,Finalización
Fecha 17,5 de noviembre de 2006,Pereira,0  -  1,Huila,2006,Finalización
Fecha 17,5 de noviembre de 2006,Cartagena,1  -  0,Millonarios,2006,Finalización
Fecha 17,5 de noviembre de 2006,Bucaramanga,1  -  2,Pasto,2006,Finalización
Fecha 17,5 de noviembre de 2006,Atlético Nacional,0  -  1,Medellín,2006,Finalización
Fecha 17,5 de noviembre de 2006,Envigado,1  -  4,América de Cali,2006,Finalización
Fecha 17,5 de noviembre de 2006,Boyacá Chicó,1  -  0,Cúcuta,2006,Finalización
Fecha 17,5 de noviembre de 2006,Tolima,4  -  0,Junior,2006,Finalización
Fecha 17,5 de noviembre de 2006,Santa Fe,3  -  1,Once Caldas,2006,Finalización
Fecha 18,12 de noviembre de 2006,Huila,2  -  1,Santa Fe,2006,Finalización
Fecha 18,12 de noviembre de 2006,Once Caldas,1  -  3,Tolima,2006,Finalización
Fecha 18,12 de noviembre de 2006,Junior,2  -  0,Boyacá Chicó,2006,Finalización
Fecha 18,12 de noviembre de 2006,Cúcuta,1  -  0,Envigado,2006,Finalización
Fecha 18,12 de noviembre de 2006,América de Cali,0  -  2,Atlético Nacional,2006,Finalización
Fecha 18,12 de noviembre de 2006,Quindío,1  -  0,Bucaramanga,2006,Finalización
Fecha 18,12 de noviembre de 2006,Medellín,3  -  1,Deportivo Cali,2006,Finalización
Fecha 18,12 de noviembre de 2006,Pasto,0  -  2,Cartagena,2006,Finalización
Fecha 18,12 de noviembre de 2006,Millonarios,2  -  3,Pereira,2006,Finalización
